URL,ASIN
https://www.amazon.com/dp/B078G9FJDK?smid=ATVPDKIKX0DER&linkCode=sl1&tag=pzf0b-20&linkId=87ae19a1fba5c6f6392a30bc3ad7dd14&language=en_US&ref_=as_li_ss_tl,B078G9FJDK
https://www.amazon.com/dp/B07H9XWL5Q?th=1&linkCode=sl1&tag=pzf0b-20&linkId=f4bf9663e715e33c5f0add48ffa2f829&language=en_US&ref_=as_li_ss_tl,B07H9XWL5Q
https://www.amazon.com/dp/0399226907?&linkCode=sl1&tag=pzf0b-20&linkId=cf58ec725a8f605005bdea9ebbaac599&language=en_US&ref_=as_li_ss_tl,0399226907
https://www.amazon.com/dp/B09JKYY3VV?ascsubtag=786cc9f88c6311eea2340a985dc1f53e0INT&linkCode=sl1&tag=pzf0b-20&linkId=04722fd42b46b092880057f82ed09f6a&language=en_US&ref_=as_li_ss_tl,B09JKYY3VV
https://www.amazon.com/Copco-2555-0188-Non-Skid-Kitchen-Organizer/dp/B0036OQU56?th=1&linkCode=sl1&tag=pzf0b-20&linkId=13600569a4e2c6ac76dc258a6814c050&language=en_US&ref_=as_li_ss_tl,B0036OQU56
https://www.amazon.com/dp/B086Q3FPN9?th=1&linkCode=sl1&tag=pzf0b-20&linkId=f656fea06fd2481d62f67db204fad316&language=en_US&ref_=as_li_ss_tl,B086Q3FPN9
https://www.amazon.com/dp/B08BX7136Z?&linkCode=sl1&tag=pzf0b-20&linkId=5b7ff1c7ef9bf7f8562eefb3bfabd21f&language=en_US&ref_=as_li_ss_tl,B08BX7136Z
https://www.amazon.com/dp/B0B3BRMC7L/?&linkCode=sl1&tag=pzf0b-20&linkId=6312a8ad432c2a2abd0fbeadd0e6c21f&language=en_US&ref_=as_li_ss_tl,B0B3BRMC7L
https://www.amazon.com/dp/B095KVDK8R?th=1&linkCode=sl1&tag=pzf0b-20&linkId=58839e15a534ec66e957d569029beebf&language=en_US&ref_=as_li_ss_tl,B095KVDK8R
https://www.amazon.com/dp/B00081K4CK?th=1&linkCode=sl1&tag=pzf0b-20&linkId=94564be98633f38fc7860c45d8472d2a&language=en_US&ref_=as_li_ss_tl,B00081K4CK
https://www.amazon.com/dp/B0B29J9ZGT?th=1%2F&linkCode=sl1&tag=pzf0b-20&linkId=1a95a5b7a940d6d15370f183474e6571&language=en_US&ref_=as_li_ss_tl,B0B29J9ZGT
https://www.amazon.com/dp/B007N0KZ64?psc=1/&linkCode=sl1&tag=pzf0b-20&linkId=c87563651095f5f7850dc8b1a1ed5800&language=en_US&ref_=as_li_ss_tl,B007N0KZ64
https://www.amazon.com/dp/B007N0KZ64?psc=1/&linkCode=sl1&tag=pzf0b-20&linkId=c87563651095f5f7850dc8b1a1ed5800&language=en_US&ref_=as_li_ss_tl,B007N0KZ64
https://www.amazon.com/Garmin-Drive-Traffic-Easy-Read/dp/B07MMZPTYY?th=1&linkCode=sl1&tag=pzf0b-20&linkId=f906b5c90991ec649e3b38cd777ab28b&language=en_US&ref_=as_li_ss_tl,B07MMZPTYY
https://www.amazon.com/dp/B07VLHW2T8?geniuslink=true&th=1&linkCode=sl1&tag=pzf0b-20&linkId=d38718cf1609da3f50e8cb2114a6fbca&language=en_US&ref_=as_li_ss_tl,B07VLHW2T8
https://www.amazon.com/dp/B085PPHPFZ?smid=ATVPDKIKX0DER&th=1&linkCode=sl1&tag=pzf0b-20&linkId=0dc99c212f806e77552b9430c586f400&language=en_US&ref_=as_li_ss_tl,B085PPHPFZ
https://www.amazon.com/dp/B091MM6C6T?th=1&linkCode=sl1&tag=pzf0b-20&linkId=937b7b01c35477f2bf022bb84600db14&language=en_US&ref_=as_li_ss_tl,B091MM6C6T
https://www.amazon.com/dp/B00451SGZ6?sbo=GLaw0Fx56FiNH/iZ%2B6XKiQ%3D%3D&linkCode=sl1&tag=pzf0b-20&linkId=4d6e3c83a4fda7adf23cc3a52528f17a&language=en_US&ref_=as_li_ss_tl,B00451SGZ6
